{"1": [0.748833526601187, 0.9756164040318885, 0.4201805149730402, 0.9377552514303676, 0.025049840454656722, 0.9196115128268483, 0.08491237897636025, 0.5204880458336512, 0.4851010151566255, 0.4676919996164556, 0.8707146452562161, 0.7176082136885912, 0.7934075610957008, 0.9148157800643614, 0.9002049242505415, 0.7438321850685035, 0.34857989379436993, 0.8836622336061057, 0.7564481133131764, 0.29459346956522003, 0.7753668979601153, 0.7055055880683245, 0.16453527100854518, 0.774034456297125, 0.7319655714323975, 0.9165582413312767, 0.6495968716332439, 0.6114059868965013, 0.523948380250766, 0.6561683845200842, 0.6953560078116224, 0.6478595749743555, 0.03374609364975482, 0.6360100399893179, 0.6030770491074252, 0.5571903838451195, 0.5700011239231485, 0.6487417271670264, 0.016498906057526345, 0.5961935507783104, 0.49854805645142797, 0.809416690675303, 0.5375034926047744, 0.47695758703216234, 0.520992993549723, 0.15181451359039688, 0.5172765975152105, 0.2169227545482665, 0.9044280358294644, 0.4708406895628276, 0.4827852029080504, 0.49399688612469544, 0.5039223174745353, 0.4997884662079784, 0.08241372798708725, 0.42605256126084046, 0.3151602897184961, 0.4149857352384413, 0.3607784571276022, 0.5452605206910351, 0.36510330550929176, 0.3545994500919, 0.45923890134983164, 0.7021916902934556, 0.4651917255041567, 0.329100775491216, 0.2920684755332531, 0.5934077459064516, 0.2770262855250032, 0.21884821580183977, 0.7726522800130359, 0.7362734227842205, 0.29817599736036243, 0.9204410881183633, 0.15431674198214104, 0.5968729310159174, 0.6374259640820873, 0.1884394432150822, 0.1567634326545103, 0.17111026830712445, 0.9506351949638819, 0.9991121520593435, 0.20010535729221404, 0.5622565330020032, 0.1542276005535874, 0.15011392894373893, 0.2657027330924385, 0.19501870882032543, 0.29148175154125533, 0.09774390998645661, 0.09633208462983445, 0.08248367871480204, 0.09631712548669717, 0.1437219932118786, 0.07970230656425145, 0.033561584849903785, 0.37479393268590816, 0.01866869022849418, 0.18758628545773148, 0.007691606036386241],
"2": [0.42605256126084046, 0.1567634326545103, 0.49399688612469544, 0.7726522800130359, 0.17111026830712445, 0.9165582413312767, 0.6360100399893179, 0.1884394432150822, 0.5700011239231485, 0.29817599736036243, 0.520992993549723, 0.34857989379436993, 0.033561584849903785, 0.20010535729221404, 0.29148175154125533, 0.4651917255041567, 0.809416690675303, 0.6114059868965013, 0.36510330550929176, 0.4827852029080504, 0.5622565330020032, 0.1437219932118786, 0.5039223174745353, 0.9148157800643614, 0.2920684755332531, 0.7319655714323975, 0.6374259640820873, 0.07970230656425145, 0.09774390998645661, 0.3545994500919, 0.748833526601187, 0.08491237897636025, 0.5375034926047744, 0.329100775491216, 0.19501870882032543, 0.774034456297125, 0.9377552514303676, 0.45923890134983164, 0.5172765975152105, 0.7753668979601153, 0.4851010151566255, 0.7438321850685035, 0.08241372798708725, 0.4201805149730402, 0.5961935507783104, 0.15431674198214104, 0.6478595749743555, 0.5934077459064516, 0.7934075610957008, 0.6030770491074252, 0.15011392894373893, 0.5571903838451195, 0.4997884662079784, 0.3151602897184961, 0.7176082136885912, 0.9506351949638819, 0.9991121520593435, 0.15181451359039688, 0.4149857352384413, 0.47695758703216234, 0.18758628545773148, 0.4676919996164556, 0.29459346956522003, 0.2169227545482665, 0.7021916902934556, 0.37479393268590816, 0.7564481133131764, 0.3607784571276022, 0.2657027330924385, 0.9756164040318885, 0.523948380250766, 0.007691606036386241, 0.9002049242505415, 0.6953560078116224, 0.9196115128268483, 0.09631712548669717, 0.4708406895628276, 0.6487417271670264, 0.6495968716332439, 0.5452605206910351, 0.016498906057526345, 0.5968729310159174, 0.2770262855250032, 0.9204410881183633, 0.01866869022849418, 0.7362734227842205, 0.025049840454656722, 0.7055055880683245, 0.03374609364975482, 0.08248367871480204, 0.16453527100854518, 0.09633208462983445, 0.1542276005535874, 0.5204880458336512, 0.8836622336061057, 0.49854805645142797, 0.21884821580183977, 0.8707146452562161, 0.9044280358294644, 0.6561683845200842],
"3": [0.007691606036386241, 0.7362734227842205, 0.01866869022849418, 0.025049840454656722, 0.2770262855250032, 0.03374609364975482, 0.09633208462983445, 0.15011392894373893, 0.16453527100854518, 0.9044280358294644, 0.08491237897636025, 0.9506351949638819, 0.07970230656425145, 0.08248367871480204, 0.09774390998645661, 0.15181451359039688, 0.5375034926047744, 0.19501870882032543, 0.08241372798708725, 0.17111026830712445, 0.15431674198214104, 0.4149857352384413, 0.1567634326545103, 0.20010535729221404, 0.18758628545773148, 0.09631712548669717, 0.2169227545482665, 0.21884821580183977, 0.2657027330924385, 0.29817599736036243, 0.3607784571276022, 0.3151602897184961, 0.29148175154125533, 0.2920684755332531, 0.6561683845200842, 0.4651917255041567, 0.36510330550929176, 0.37479393268590816, 0.3545994500919, 0.34857989379436993, 0.4201805149730402, 0.1884394432150822, 0.8707146452562161, 0.42605256126084046, 0.033561584849903785, 0.5172765975152105, 0.6114059868965013, 0.4827852029080504, 0.4676919996164556, 0.49399688612469544, 0.016498906057526345, 0.47695758703216234, 0.49854805645142797, 0.6478595749743555, 0.5039223174745353, 0.1437219932118786, 0.5934077459064516, 0.5571903838451195, 0.520992993549723, 0.5700011239231485, 0.523948380250766, 0.5452605206910351, 0.4997884662079784, 0.4708406895628276, 0.45923890134983164, 0.7564481133131764, 0.6495968716332439, 0.6487417271670264, 0.5968729310159174, 0.6953560078116224, 0.4851010151566255, 0.329100775491216, 0.6360100399893179, 0.6030770491074252, 0.6374259640820873, 0.29459346956522003, 0.7021916902934556, 0.7176082136885912, 0.7726522800130359, 0.7055055880683245, 0.748833526601187, 0.774034456297125, 0.7319655714323975, 0.7438321850685035, 0.5961935507783104, 0.9165582413312767, 0.9148157800643614, 0.5204880458336512, 0.9002049242505415, 0.1542276005535874, 0.809416690675303, 0.7934075610957008, 0.8836622336061057, 0.5622565330020032, 0.9196115128268483, 0.9204410881183633, 0.9377552514303676, 0.7753668979601153, 0.9756164040318885, 0.9991121520593435]}